front_left,front_right,back_right,power,efficiency
"(109.0700454711914,43.426673889160156,0.0)","(110.07001495361328,43.433494567871094,0.0)","(110.0563735961914,45.433448791503906,0.0)",35_000,0.92
