front_left,front_right,back_right,power,efficiency
"(109.34049224853516,40.42854309082031,0.0)","(109.8404769897461,40.43195343017578,0.0)","(109.7040786743164,60.431488037109375,0.0)",30_000,0.85
